id,claim,evi,label,split
0,Hunter Biden had no experience in Ukraine or in the energy sector when he joined the board of Burisma.,"What was Hunter Biden's background when he joined the board of Burisma Holdings in 2014?		
Hunter Biden joined the board of Burisma Holdings, a Ukrainian natural gas company in 2014. With his father Joe serving as Vice President in the Obama administration, many believed that Hunter Biden was only hired for his famous and familiar name.		

What was Hunter Biden's background or experience before joining the board of Burisma Holdings?		
In 2014, Hunter Biden was appointed to the board of Burisma Holdings, a Ukrainian energy company. He was reportedly paid $50,000 a month to work in an industry in which he had no previous experience.		

Did Hunter Biden have any relevant experience in Ukraine or the energy sector when he joined the board of Burisma?		
Trump has suggested that Hunter Biden, who had no expertise in the natural gas field, won a spot on Burisma's board because his father at the time was vice president under President Barack Obama and was responsible for U.S. policy regarding Ukraine.		

What was Hunter Biden's background when he joined the board of Burisma?		
Hunter Biden had no previous experience in the natural gas industry, Ukraine, or regulatory oversight, as his title at Burisma suggested.		

Did Hunter Biden have any relevant experience before joining the board of Burisma Holdings?		
Hunter Biden had served on the board of Ukrainian energy conglomerate Burisma Holdings, and Trump claimed, without evidence, that the elder Biden had used his office to benefit his son.		

What was Hunter Biden's background when he joined the board of Burisma Holdings in 2014?		
Hunter Biden joined the board of a Ukrainian natural gas company named Burisma Holdings in 2014; that company's owner was the subject of a corruption investigation that had stalled.		

Did Hunter Biden have any relevant experience in Ukraine or the energy sector when he joined the board of Burisma?		
In 2014, Hunter Biden joined the board of Burisma Holdings, a Ukrainian natural gas company. During his tenure, Ukrainian prosecutor Viktor Shokin investigated the company.		

What qualifications did Hunter Biden have when he joined the board of Burisma?		
He also questioned Hunter Biden’s qualifications to be a Burisma board member, noting that “this person had no work experience in Ukraine or in the energy sector.”		

What kind of activities did Hunter Biden engage in while serving on the board of Burisma?		
Hunter Biden has denied using his influence with his father to aid Burisma. He remained on the board through early 2019, often appearing at energy-related conferences abroad representing Burisma’s interests.		

What concerns were raised when Hunter Biden joined the board of Burisma in 2014?		
When Hunter Biden joined Burisma in 2014, questions were raised about a potential conflict of interest for his father.		

",Supported,pred
